keyword,volume,kd,intent,priority,cluster,is_pillar,ai_overview_present,source,notes
live shopping,,,informational,hard,live_shopping,true,true,autocomplete,Head term; map to future blog and /creators landing
live selling,,,commercial,target,live_shopping,false,true,autocomplete,Strong creator format term; lower competition than live shopping
livestream shopping,,,informational,target,live_shopping,false,true,autocomplete,Synonym cluster with live shopping
shoppable livestream,,,commercial,easy_win,live_shopping,false,true,manual,Format-specific; frontrow browser-native differentiation
live shopping app,,,commercial,target,live_shopping,false,false,autocomplete,Competitors require apps; contrast with browser hosting
live selling app,,,commercial,easy_win,live_shopping,false,false,autocomplete,High relevance for /creators and /apply SEO
live shopping creator,,,commercial,easy_win,live_shopping,false,true,paa,Direct match to frontrow host onboarding
live selling creator,,,commercial,easy_win,live_shopping,false,false,reddit,Real creator language from community threads
livestream selling,,,commercial,target,live_shopping,false,true,competitor,Used across Shopify and industry guides
live shopping host,,,transactional,easy_win,live_shopping,false,false,manual,Transactional; maps to /apply and /host
live stream shopping,,,informational,target,live_shopping,false,true,autocomplete,Variant spelling; same cluster as livestream shopping
live shopping affiliate,,,commercial,easy_win,live_shopping,false,true,manual,Affiliate-led live selling without inventory
influencer live shopping,,,commercial,target,live_shopping,false,true,competitor,Influencer-hosted livestream format
social live shopping,,,commercial,target,live_shopping,false,true,manual,Gary Vee social live shopping term
live commerce,,,informational,hard,live_commerce,true,true,autocomplete,Category pillar; broad authority term
livestream commerce,,,research,target,live_commerce,false,true,paa,GEO signal; eMarketer and McKinsey cite frequently
video commerce,,,commercial,target,live_commerce,false,true,autocomplete,Growing category term in 2026 guides
social commerce,,,informational,hard,live_commerce,false,true,autocomplete,Broader than live but drives top-of-funnel
social selling,,,commercial,target,live_commerce,false,true,autocomplete,Creator-facing variant of social commerce
shoppable video,,,commercial,target,live_commerce,false,true,competitor,TikTok Shop shoppable video vs LIVE shopping
live selling commission,,,transactional,easy_win,live_commerce,false,true,paa,TikTok Shop commissions FAQ driver
creator monetization,,,informational,hard,creator_monetization,true,true,paa,Core audience intent for frontrow creators page
creator economy,,,research,hard,creator_monetization,false,true,autocomplete,Authority term; live shopping as next phase
content creator,,,informational,content,creator_monetization,false,true,autocomplete,Broad; top-of-funnel content only
influencer marketing,,,commercial,hard,creator_monetization,false,true,autocomplete,Creators comparing income streams
influencer livestream,,,commercial,target,creator_monetization,false,false,manual,Creator-host positioning
brand deals,,,transactional,content,creator_monetization,false,false,reddit,Creators compare brand deals vs live selling
get paid livestream,,,transactional,easy_win,creator_monetization,false,false,manual,Exact match to /creators Get paid to shop
livestream monetization,,,transactional,easy_win,creator_monetization,false,false,paa,Twitch and creator guides use this phrasing
creator affiliate,,,commercial,easy_win,creator_monetization,false,true,competitor,TikTok Shop affiliate layer
make money livestream,,,transactional,easy_win,creator_monetization,false,false,reddit,High-intent creator search pattern
influencer commerce,,,commercial,target,creator_monetization,false,true,manual,Blends creator and commerce intent
creator livestream,,,commercial,easy_win,creator_monetization,false,false,manual,Host-focused variant
stream monetization,,,transactional,easy_win,creator_monetization,false,false,paa,Adjacent to livestream monetization
creator platform,,,commercial,target,creator_monetization,false,false,manual,Platform-seeker intent for host tools
affiliate marketing,,,commercial,hard,affiliate_commerce,true,true,autocomplete,Head term; layer live selling in content
affiliate commission,,,transactional,target,affiliate_commerce,false,true,paa,TikTok Shop commissions FAQ driver
affiliate livestream,,,commercial,easy_win,affiliate_commerce,false,false,manual,Combines affiliate and live format
TikTok affiliate,,,commercial,target,affiliate_commerce,false,true,competitor,TikTok Shop creator commission searches
Amazon affiliate,,,commercial,target,affiliate_commerce,false,true,competitor,Amazon Influencer and Associates overlap
influencer program,,,commercial,target,affiliate_commerce,false,true,competitor,Amazon Live Creator and brand programs
Amazon influencer,,,commercial,target,affiliate_commerce,false,true,competitor,Amazon Live entry requirement
creator commissions,,,transactional,easy_win,affiliate_commerce,false,true,paa,TikTok Shop Seller University term
commission rate,,,research,content,affiliate_commerce,false,false,manual,Tangential; use in comparison content
live shopping platform,,,commercial,target,platform_tools,true,true,autocomplete,Primary commercial target for frontrow
live commerce platform,,,commercial,target,platform_tools,false,true,autocomplete,SaaS and marketplace comparison queries
live selling platform,,,commercial,easy_win,platform_tools,false,true,autocomplete,Less saturated than live shopping platform
video commerce platform,,,commercial,target,platform_tools,false,true,autocomplete,B2B and creator tool searches
live shopping tools,,,commercial,target,platform_tools,false,false,autocomplete,Tool comparison intent
live commerce tools,,,commercial,easy_win,platform_tools,false,false,autocomplete,Niche tool-seeker intent
livestream platform,,,commercial,target,platform_tools,false,false,autocomplete,Generic platform seeker; qualify with shopping modifier in content
TikTok Shop,,,commercial,hard,platform_comparison,true,true,competitor,Primary competitor; comparison content opportunity
TikTok Live,,,commercial,hard,platform_comparison,false,true,competitor,TikTok Shop LIVE shopping entry point
Amazon Live,,,commercial,hard,platform_comparison,false,true,competitor,Requires Amazon Live Creator app
Amazon Live Creator,,,commercial,target,platform_comparison,false,false,competitor,App-gated competitor; frontrow browser contrast
YouTube Shopping,,,commercial,target,platform_comparison,false,true,competitor,Platform comparison content
Instagram Live,,,commercial,target,platform_comparison,false,true,competitor,Social live shopping alternative
Whatnot,,,commercial,hard,platform_comparison,false,false,competitor,Live selling marketplace; collectibles skew
eBay Live,,,commercial,target,platform_comparison,false,true,competitor,Gary Vee cited platform; collectibles and luxury
TalkShopLive,,,commercial,content,platform_comparison,false,false,competitor,Brand name; comparison post only
